{
  "vendor": [
    {
      "id": 1,
      "fname": "Clark",
      "lname": "Kent",
      "email": "clark@gmail.com",
      "dob": "13/07/1999",
      "gender": "male",
      "address": "NA",
      "country": "India",
      "state": "UP",
      "city": "Moradabad",
      "pincode": "244001",
      "hobbies": "NA"
    },
    {
      "id": 2,
      "fname": "hello",
      "lname": "hello",
      "dob": "2023-02-06",
      "email": "hello@gmail.com",
      "gender": "Female",
      "address": "hello",
      "country": "hello",
      "state": "UP",
      "city": "hello",
      "pincode": "hello",
      "hobbies": "hello"
    },
    {
      "id": 3,
      "fname": "Hellomax",
      "lname": "hellomax",
      "dob": "2023-02-15",
      "email": "i@gmail.com",
      "gender": "Female",
      "address": "hello",
      "country": "hi",
      "state": "hello",
      "city": "hi",
      "pincode": "hi",
      "hobbies": "hi"
    }
  ]
}