{
  "vendor": [
    {
      "id": 1,
      "fname": "Clark",
      "lname": "Kent",
      "dob": "13/07/1999",
      "email": "clark@gmail.com",
      "gender": "Female",
      "address": "NA",
      "country": "India",
      "state": "UP",
      "city": "Moradabad",
      "pincode": "244001",
      "hobbies": "NA"
    },
    {
      "fname": "Ishan",
      "lname": "Saxena",
      "dob": "2023-03-05",
      "email": "ishan@gmail.com",
      "gender": "Male",
      "address": "ishan",
      "country": "ishan",
      "state": "ishan",
      "city": "ishan",
      "pincode": "ishan",
      "hobbies": "ishan",
      "id": 5
    },
    {
      "fname": "disha",
      "lname": "disha",
      "dob": "2023-03-11",
      "email": "disha@disha.com",
      "gender": "Female",
      "address": "na",
      "country": "nan",
      "state": "na",
      "city": "nan",
      "pincode": "na",
      "hobbies": "na",
      "id": 6
    },
    {
      "fname": "Dastan",
      "lname": "Dastan",
      "dob": "2023-03-10",
      "email": "dastan@gmail.com",
      "gender": "Male",
      "address": "kothi",
      "country": "India",
      "state": "E",
      "city": "Mumbai",
      "pincode": "244001",
      "hobbies": "na",
      "id": 7
    },
    {
      "fname": "disha",
      "lname": "maini",
      "dob": "2023-03-17",
      "email": "disha@disha.com",
      "gender": "Female",
      "address": "na",
      "country": "India",
      "state": "E",
      "city": "Downers Grove",
      "pincode": "ggg",
      "hobbies": [
        "Nail Paint",
        "Gaming"
      ],
      "id": 11
    },
    {
      "fname": "",
      "lname": "",
      "dob": "",
      "email": "",
      "gender": "",
      "address": "",
      "country": "Spain",
      "state": "",
      "city": "",
      "pincode": "",
      "hobbies": [
        "Cricket",
        "Gaming"
      ],
      "id": 12
    },
    {
      "id": 13,
      "fname": "nice",
      "lname": "nice",
      "dob": "2023-03-16",
      "email": "nice@gmail.com",
      "gender": "Female",
      "address": "ncie",
      "country": "Germany",
      "state": "A",
      "city": "Duesseldorf",
      "pincode": "244001",
      "hobbies": [
        "Gaming ",
        "Nalla pn "
      ]
    }
  ]
}